{"cameraMode":{"drawMode":0,"name":"Shaded","section":"Shading Mode"},"sceneLighting":true,"audioPlay":false,"sceneViewState":{"m_AlwaysRefresh":false,"showFog":true,"showSkybox":true,"showFlares":true,"showImageEffects":true,"showParticleSystems":true,"showVisualEffectGraphs":true,"m_FxEnabled":true},"in2DMode":false,"pivot":{"x":9.989541053771973,"y":-6.196206092834473,"z":3.5412559509277345},"rotation":{"x":-0.06317514181137085,"y":0.9366470575332642,"z":-0.23399364948272706,"w":-0.25288155674934389},"size":14.840632438659668,"orthographic":false}